Premier Indoor Filhote,Premier Filhote Spitz,Royal Canin Mini Indoor,Fórmula Natural para Cães Filhotes de Raças Pequenas,N&D Filhotes de Raças Pequenas Sabor Frango e Romã
Farinha de vísceras de frango,Farinha de vísceras de frango,Farinha de vísceras de aves,Farinha de vísceras de aves,farinha de vísceras de aves (mín. 10%)
farinha de salmão,,,,farinha de peixe
,,,farelo de trigo,
,glúten de trigo,,,
proteína isolada de suíno,proteína isolada de suíno,farinha de proteína isolada de suíno,farinha de torresmo (proteína isolada de suíno),
ovo desidratado,ovo desidratado,,,ovo desidratado
,,,semente de linhaça,
,,milho integral moído*,,
quirera de arroz,quirera de arroz,quirera de arroz,quirera de arroz,
,cevada (7%),,,cevada (mín. 1%)
gordura de frango,gordura de frango,gordura de frango,óleo de vísceras de aves,óleo de frango
polpa de beterraba,polpa de beterraba,polpa de beterraba,polpa de beterraba,polpa de beterraba
,farinha de ervilha (7%),,,
gordura suína,gordura suína,gordura suína,,
,,glúten de milho*,,
óleo de peixe,óleo de peixe,óleo de peixe refinado,óleo de salmão,óleo de peixe
ácido propiônico,ácido propiônico,,ácido propiônico,
,,zeolita,,
,celulose,,,
", antioxidantes BHA e BHT(0,012%)","antioxidantes BHA e BHT(0,012%)",antioxidante (BHA). ,,
,,óleo de soja refinado*,,
,,fruto-oligossacarídeos,,
cloreto de potássio,cloreto de potássio,cloreto de potássio,cloreto de potássio,cloreto de potássio
cloreto de sódio,cloreto de sódio,cloreto de sódio (sal comum),cloreto de sódio,
"extrato de yucca (0,06%","extrato de yucca (0,04%",,"extrato de yucca (0,04%)",extrato de yucca
parede celular de levedura,parede celular de levedura,parede celular de levedura (MOS),parede celular de levedura (MOS),parede celular de levedura (MOS)
levedura seca de cervejaria,levedura seca de cervejaria,levedura seca de cervejaria,,levedura seca de cervejaria
,,levedura enriquecida com selênio,,
,,extrato de marigold,,
,,sorbato de potássio,,
frutoligossacarideos,"frutoligossacarideos (0,1%",,fruto-oligossacarídeos,fruto-oligossacarídeos
,,fosfato monocálcico,,sulfato de condroitina
hexametafosfato de sódio,hexametafosfato de sódio,,,sulfato de glicosamina
,,carbonato de cálcio,,
,,tripolifosfato de sódio,,zeolita
hidrolisado de suíno e frango,hidrolisado de suíno e frango,,,hidrolisado de fígado de frango e suíno
mananoligossacarídeos,"mananoligossacarídeos (0,2%",,,
vitamina A,vitamina A,vitaminas A,vitaminas A,vitaminas A
vitamina B12,vitamina B12,B12,B12,B13
vitamina E,vitamina E,E,E,E
vitamina C,vitamina C,C,C,C
vitamina D3,vitamina D3,D3,D3,D4
,,B1,B1,B2
,,B2,B2,B3
,,B6,B6,B7
vitamina K3,vitamina K3,,,
,,PP),,
ácido fólico,ácido fólico,ácido fólico,ácido fólico,ácido fólico
ácido pantotênico,ácido pantotênico,ácido pantotênico,ácido pantotênico,ácido pantotênico
biotina,biotina,biotina,biotina,biotina
cloreto de colina,cloreto de colina,cloreto de colina,cloreto de colina,cloreto de colina)
niacina,niacina,,niacina,niacina
piridoxina,piridoxina,,,
riboflavina,riboflavina,,,
tiamina,tiamina,,,
cobre aminoácido quelato,cobre aminoácido quelato,cobre aminoácido quelato,,cobre aminoácido quelato
ferro aminoácido quelato,ferro aminoácido quelato,,,ferro aminoácido quelato
iodeto de potássio,iodeto de potássio,,,propionato de cálcio
manganês aminoácido quelato,manganês aminoácido quelato,manganês aminoácido quelato,,manganês aminoácido quelato
proteinato de selênio,proteinato de selênio,,proteinato de selênio,proteinato de selênio
sulfato de cobre,sulfato de cobre,sulfato de cobre,sulfato de cobre,
sulfato de ferro,sulfato de ferro,sulfato de ferro,sulfato de ferro,
sulfato de manganês,sulfato de manganês,óxido de manganês,óxido de manganês,
sulfato de zinco,sulfato de zinco,,,
,,óxido de zinco,óxido de zinco,
,,,proteinato de zinco,
zinco aminoácido quelato.,zinco aminoácido quelato,zinco aminoácido quelato,,zinco aminoácido quelato
,,iodato de cálcio,iodato de cálcio,iodato de cálcio
,,DL-metionina,,DL-metionina
,,L-lisina,,
,,taurina,,taurina
,,tirosina,,
,,L-carnitina,,L-carnitina
,,palatabilizante à base de fígado de frango,palatabilizante de vísceras de suíno e frango,
,,Streptomyces viridochromogenes,,
,,Agrobacterium tumefaciens,,
,,Zea mays,,
,,,"concentrado de tocoferóis (antioxidante natural) (0,01%)",concentrado de tocoferóis.
,,,Inulina,
,,,farinha de algas Schizochytrium sp.,
,,,"sulfato de glucosamina (0, 03%)",
,,,"sulfato de condroitina (0,01%)",
,,,selenito de sódio),
,,,cenoura desidratada,cenoura desidratada
,,,,espinafre desidratado
,,,,laranja desidratada
,,,maçã desidratada,maçã desidratada
,,,,blueberry desidratado
,,,Tomate Desidatrado,
,,,Manga Desidatrada,
,,,extrato de chá verde,extrato de chá verde
,,,,extrato de aloe vera
,,,Extrato de Alecrim,
,,,Extrato de Hortelã,
,,,,"extrato de romã (mín. 0,075%"
,,,,cúrcuma em pó
,,,,beta caroteno
,,,,fosfato bicálcico
,,,,casca de ervilha
,,,,alfafa desidratada
,,,,lignocelulose
,,,,semente de psyllium
,,,,luteína
,,,,aveia (mín. 1%)
,,,,sorgo